{
  "name": "SARUnArchiveANY",
  "version": "0.0.2",
  "summary": "UnArchiving Library for iOS",
  "description": "A very useful library for Unarchiving the .zip, .rar, .7z format files for iOS. Simply An Integration of UnrarKit + SSZipArchive + LZMA SDK (7z).",
  "homepage": "https://github.com/saru2020/SARUnArchiveANY",
  "license": {
    "type": "Custom",
    "text": "Copyright (C) 2010 Apple Inc. All Rights Reserved."
  },
  "platforms": {
    "ios": "8.1"
  },
  "authors": {
    "Saravanan": "saru2020@gmail.com"
  },
  "libraries": "z",
  "source": {
    "git": "https://github.com/saru2020/SARUnArchiveANY.git",
    "tag": "0.0.2"
  },
  "source_files": "SARUnArchiveANY/SARUnArchiveANY.{h,m}",
  "requires_arc": true,
  "subspecs": [
    {
      "name": "LzmaSDK-ObjC",
      "dependencies": {
        "LzmaSDK-ObjC": [
          "~> 2.0"
        ]
      }
    },
    {
      "name": "ZipArchive",
      "dependencies": {
        "SSZipArchive": [
          "~> 0.3.2"
        ]
      }
    },
    {
      "name": "UnrarKit",
      "dependencies": {
        "UnrarKit": [
          "~> 2.9-beta8"
        ]
      }
    }
  ]
}